,image_path,label
0,./image_01386_51.jpg,51
1,./image_00965_46.jpg,46
2,./image_01017_46.jpg,46
3,./image_03935_51.jpg,51
4,./image_01433_51.jpg,51
5,./image_01416_51.jpg,51
6,./image_00186_77.jpg,77
7,./image_01429_51.jpg,51
8,./image_03953_51.jpg,51
9,./image_01320_51.jpg,51
10,./image_00763_89.jpg,89
11,./image_01087_46.jpg,46
12,./image_01216_74.jpg,74
13,./image_00223_77.jpg,77
14,./image_00097_77.jpg,77
15,./image_00767_89.jpg,89
16,./image_00035_77.jpg,77
17,./image_00645_89.jpg,89
18,./image_03920_51.jpg,51
19,./image_00957_46.jpg,46
20,./image_01354_51.jpg,51
21,./image_00005_77.jpg,77
22,./image_00606_89.jpg,89
23,./image_00363_73.jpg,73
24,./image_01366_51.jpg,51
25,./image_01438_51.jpg,51
26,./image_00385_73.jpg,73
27,./image_03917_51.jpg,51
28,./image_00269_73.jpg,73
29,./image_00314_73.jpg,73
30,./image_01078_46.jpg,46
31,./image_00406_73.jpg,73
32,./image_01462_51.jpg,51
33,./image_00241_77.jpg,77
34,./image_01143_74.jpg,74
35,./image_00229_77.jpg,77
36,./image_00672_89.jpg,89
37,./image_01208_74.jpg,74
38,./image_00444_73.jpg,73
39,./image_00299_73.jpg,73
40,./image_00135_77.jpg,77
41,./image_01458_51.jpg,51
42,./image_01271_74.jpg,74
43,./image_01339_51.jpg,51
44,./image_00169_77.jpg,77
45,./image_00042_77.jpg,77
46,./image_01407_51.jpg,51
47,./image_01404_51.jpg,51
48,./image_00712_89.jpg,89
49,./image_00646_89.jpg,89
50,./image_00980_46.jpg,46
51,./image_00428_73.jpg,73
52,./image_00320_73.jpg,73
53,./image_00364_73.jpg,73
54,./image_00650_89.jpg,89
55,./image_01145_74.jpg,74
56,./image_00979_46.jpg,46
57,./image_00258_73.jpg,73
58,./image_00250_77.jpg,77
59,./image_00704_89.jpg,89
60,./image_00283_73.jpg,73
61,./image_03957_51.jpg,51
62,./image_01201_74.jpg,74
63,./image_00630_89.jpg,89
64,./image_00256_73.jpg,73
65,./image_01290_74.jpg,74
66,./image_00353_73.jpg,73
67,./image_01212_74.jpg,74
68,./image_01207_74.jpg,74
69,./image_00026_77.jpg,77
70,./image_00636_89.jpg,89
71,./image_01000_46.jpg,46
72,./image_00099_77.jpg,77
73,./image_00951_46.jpg,46
74,./image_00770_89.jpg,89
75,./image_01043_46.jpg,46
76,./image_01086_46.jpg,46
77,./image_00221_77.jpg,77
78,./image_00702_89.jpg,89
79,./image_00773_89.jpg,89
80,./image_00436_73.jpg,73
81,./image_00083_77.jpg,77
82,./image_00081_77.jpg,77
83,./image_00608_89.jpg,89
84,./image_00274_73.jpg,73
85,./image_01259_74.jpg,74
86,./image_00643_89.jpg,89
87,./image_00380_73.jpg,73
88,./image_00427_73.jpg,73
89,./image_01068_46.jpg,46
90,./image_00675_89.jpg,89
91,./image_01237_74.jpg,74
92,./image_00325_73.jpg,73
93,./image_01230_74.jpg,74
94,./image_01452_51.jpg,51
95,./image_00262_73.jpg,73
96,./image_01274_74.jpg,74
97,./image_00074_77.jpg,77
98,./image_00625_89.jpg,89
99,./image_00244_77.jpg,77
100,./image_01436_51.jpg,51
101,./image_01166_74.jpg,74
102,./image_00033_77.jpg,77
103,./image_01238_74.jpg,74
104,./image_00354_73.jpg,73
105,./image_00657_89.jpg,89
106,./image_01300_74.jpg,74
107,./image_00668_89.jpg,89
108,./image_00249_77.jpg,77
109,./image_00743_89.jpg,89
110,./image_01489_51.jpg,51
111,./image_00656_89.jpg,89
112,./image_00194_77.jpg,77
113,./image_03922_51.jpg,51
114,./image_00291_73.jpg,73
115,./image_01192_74.jpg,74
116,./image_00661_89.jpg,89
117,./image_00758_89.jpg,89
118,./image_00228_77.jpg,77
119,./image_01189_74.jpg,74
120,./image_01402_51.jpg,51
121,./image_01468_51.jpg,51
122,./image_03945_51.jpg,51
123,./image_00375_73.jpg,73
124,./image_01289_74.jpg,74
125,./image_01415_51.jpg,51
126,./image_01001_46.jpg,46
127,./image_01312_74.jpg,74
128,./image_00334_73.jpg,73
129,./image_00279_73.jpg,73
130,./image_01163_74.jpg,74
131,./image_00627_89.jpg,89
132,./image_01179_74.jpg,74
133,./image_00352_73.jpg,73
134,./image_01049_46.jpg,46
135,./image_01106_46.jpg,46
136,./image_00025_77.jpg,77
137,./image_00751_89.jpg,89
138,./image_00418_73.jpg,73
139,./image_00166_77.jpg,77
140,./image_00196_77.jpg,77
141,./image_01343_51.jpg,51
142,./image_03987_51.jpg,51
143,./image_00254_73.jpg,73
144,./image_00778_89.jpg,89
145,./image_01445_51.jpg,51
146,./image_00437_73.jpg,73
147,./image_01160_74.jpg,74
148,./image_03989_51.jpg,51
149,./image_03975_51.jpg,51
150,./image_00086_77.jpg,77
151,./image_00156_77.jpg,77
152,./image_01063_46.jpg,46
153,./image_01281_74.jpg,74
154,./image_00603_89.jpg,89
155,./image_01159_74.jpg,74
156,./image_01026_46.jpg,46
157,./image_00723_89.jpg,89
158,./image_01374_51.jpg,51
159,./image_00741_89.jpg,89
160,./image_00711_89.jpg,89
161,./image_00302_73.jpg,73
162,./image_00049_77.jpg,77
163,./image_00987_46.jpg,46
164,./image_03919_51.jpg,51
165,./image_01221_74.jpg,74
166,./image_01248_74.jpg,74
167,./image_00732_89.jpg,89
168,./image_01233_74.jpg,74
169,./image_01117_46.jpg,46
170,./image_00326_73.jpg,73
171,./image_00142_77.jpg,77
172,./image_00010_77.jpg,77
173,./image_00705_89.jpg,89
174,./image_03983_51.jpg,51
175,./image_00308_73.jpg,73
176,./image_00306_73.jpg,73
177,./image_00666_89.jpg,89
178,./image_00765_89.jpg,89
179,./image_00742_89.jpg,89
180,./image_01332_51.jpg,51
181,./image_00268_73.jpg,73
182,./image_01329_51.jpg,51
183,./image_00764_89.jpg,89
184,./image_00692_89.jpg,89
185,./image_00157_77.jpg,77
186,./image_01250_74.jpg,74
187,./image_01391_51.jpg,51
188,./image_01010_46.jpg,46
189,./image_01062_46.jpg,46
190,./image_01077_46.jpg,46
191,./image_03939_51.jpg,51
192,./image_00287_73.jpg,73
193,./image_00284_73.jpg,73
194,./image_03972_51.jpg,51
195,./image_00113_77.jpg,77
196,./image_00975_46.jpg,46
197,./image_01467_51.jpg,51
198,./image_01198_74.jpg,74
199,./image_01105_46.jpg,46
200,./image_00069_77.jpg,77
201,./image_01440_51.jpg,51
202,./image_01137_46.jpg,46
203,./image_01362_51.jpg,51
204,./image_00622_89.jpg,89
205,./image_01282_74.jpg,74
206,./image_03944_51.jpg,51
207,./image_00136_77.jpg,77
208,./image_00239_77.jpg,77
209,./image_00015_77.jpg,77
210,./image_00272_73.jpg,73
211,./image_01126_46.jpg,46
212,./image_01141_46.jpg,46
213,./image_03936_51.jpg,51
214,./image_00184_77.jpg,77
215,./image_01046_46.jpg,46
216,./image_00415_73.jpg,73
217,./image_03937_51.jpg,51
218,./image_00004_77.jpg,77
219,./image_00665_89.jpg,89
220,./image_01028_46.jpg,46
221,./image_00686_89.jpg,89
222,./image_00601_89.jpg,89
223,./image_00726_89.jpg,89
224,./image_01296_74.jpg,74
225,./image_00058_77.jpg,77
226,./image_01122_46.jpg,46
227,./image_00043_77.jpg,77
228,./image_01345_51.jpg,51
229,./image_01084_46.jpg,46
230,./image_00710_89.jpg,89
231,./image_00273_73.jpg,73
232,./image_00629_89.jpg,89
233,./image_00658_89.jpg,89
234,./image_01048_46.jpg,46
235,./image_00073_77.jpg,77
236,./image_00370_73.jpg,73
237,./image_00378_73.jpg,73
238,./image_03930_51.jpg,51
239,./image_01267_74.jpg,74
240,./image_01047_46.jpg,46
241,./image_00218_77.jpg,77
242,./image_00159_77.jpg,77
243,./image_01388_51.jpg,51
244,./image_00188_77.jpg,77
245,./image_01127_46.jpg,46
246,./image_00045_77.jpg,77
247,./image_01204_74.jpg,74
248,./image_00007_77.jpg,77
249,./image_01308_74.jpg,74
250,./image_01186_74.jpg,74
251,./image_00167_77.jpg,77
252,./image_01007_46.jpg,46
253,./image_01322_51.jpg,51
254,./image_00324_73.jpg,73
255,./image_01162_74.jpg,74
256,./image_00303_73.jpg,73
257,./image_00745_89.jpg,89
258,./image_03927_51.jpg,51
259,./image_00200_77.jpg,77
260,./image_01177_74.jpg,74
261,./image_00731_89.jpg,89
262,./image_00245_77.jpg,77
263,./image_01326_51.jpg,51
264,./image_00209_77.jpg,77
265,./image_03961_51.jpg,51
266,./image_01124_46.jpg,46
267,./image_01193_74.jpg,74
268,./image_00973_46.jpg,46
269,./image_01331_51.jpg,51
270,./image_01309_74.jpg,74
271,./image_01464_51.jpg,51
272,./image_00638_89.jpg,89
273,./image_01094_46.jpg,46
274,./image_00753_89.jpg,89
275,./image_00170_77.jpg,77
276,./image_00718_89.jpg,89
277,./image_00360_73.jpg,73
278,./image_01411_51.jpg,51
279,./image_00183_77.jpg,77
280,./image_00986_46.jpg,46
281,./image_01376_51.jpg,51
282,./image_01095_46.jpg,46
283,./image_01190_74.jpg,74
284,./image_01195_74.jpg,74
285,./image_01286_74.jpg,74
286,./image_01055_46.jpg,46
287,./image_01243_74.jpg,74
288,./image_01405_51.jpg,51
289,./image_01465_51.jpg,51
290,./image_01383_51.jpg,51
291,./image_01417_51.jpg,51
292,./image_00387_73.jpg,73
293,./image_01302_74.jpg,74
294,./image_00082_77.jpg,77
295,./image_00688_89.jpg,89
296,./image_00443_73.jpg,73
297,./image_01319_51.jpg,51
298,./image_00341_73.jpg,73
299,./image_00397_73.jpg,73
300,./image_00609_89.jpg,89
301,./image_00190_77.jpg,77
302,./image_00759_89.jpg,89
303,./image_00012_77.jpg,77
304,./image_01079_46.jpg,46
305,./image_01293_74.jpg,74
306,./image_01265_74.jpg,74
307,./image_03960_51.jpg,51
308,./image_00286_73.jpg,73
309,./image_01231_74.jpg,74
310,./image_01191_74.jpg,74
311,./image_01142_46.jpg,46
312,./image_01074_46.jpg,46
313,./image_01101_46.jpg,46
314,./image_00664_89.jpg,89
315,./image_00255_73.jpg,73
316,./image_00288_73.jpg,73
317,./image_00133_77.jpg,77
318,./image_01392_51.jpg,51
319,./image_00653_89.jpg,89
320,./image_01020_46.jpg,46
321,./image_00296_73.jpg,73
322,./image_01100_46.jpg,46
323,./image_01446_51.jpg,51
324,./image_01247_74.jpg,74
325,./image_00317_73.jpg,73
326,./image_00642_89.jpg,89
327,./image_00673_89.jpg,89
328,./image_01213_74.jpg,74
329,./image_01156_74.jpg,74
330,./image_01214_74.jpg,74
331,./image_01219_74.jpg,74
332,./image_03951_51.jpg,51
333,./image_00976_46.jpg,46
334,./image_01471_51.jpg,51
335,./image_00678_89.jpg,89
336,./image_00343_73.jpg,73
337,./image_03946_51.jpg,51
338,./image_01009_46.jpg,46
339,./image_00739_89.jpg,89
340,./image_01442_51.jpg,51
341,./image_01307_74.jpg,74
342,./image_01061_46.jpg,46
343,./image_00407_73.jpg,73
344,./image_00009_77.jpg,77
345,./image_01067_46.jpg,46
346,./image_00115_77.jpg,77
347,./image_00134_77.jpg,77
348,./image_00663_89.jpg,89
349,./image_01147_74.jpg,74
350,./image_01453_51.jpg,51
351,./image_01490_51.jpg,51
352,./image_00011_77.jpg,77
353,./image_00019_77.jpg,77
354,./image_01222_74.jpg,74
355,./image_00717_89.jpg,89
356,./image_01069_46.jpg,46
357,./image_00260_73.jpg,73
358,./image_01301_74.jpg,74
359,./image_00234_77.jpg,77
360,./image_01424_51.jpg,51
361,./image_00631_89.jpg,89
362,./image_00952_46.jpg,46
363,./image_00729_89.jpg,89
364,./image_01041_46.jpg,46
365,./image_01157_74.jpg,74
366,./image_00695_89.jpg,89
367,./image_03979_51.jpg,51
368,./image_00263_73.jpg,73
369,./image_00052_77.jpg,77
370,./image_00420_73.jpg,73
371,./image_01093_46.jpg,46
372,./image_00237_77.jpg,77
373,./image_01070_46.jpg,46
374,./image_00425_73.jpg,73
375,./image_03924_51.jpg,51
376,./image_01202_74.jpg,74
377,./image_00118_77.jpg,77
378,./image_01148_74.jpg,74
379,./image_00389_73.jpg,73
380,./image_00148_77.jpg,77
381,./image_01173_74.jpg,74
382,./image_00701_89.jpg,89
383,./image_00350_73.jpg,73
384,./image_00101_77.jpg,77
385,./image_01375_51.jpg,51
386,./image_00434_73.jpg,73
387,./image_00947_46.jpg,46
388,./image_00358_73.jpg,73
389,./image_01356_51.jpg,51
390,./image_00181_77.jpg,77
391,./image_00248_77.jpg,77
392,./image_00610_89.jpg,89
393,./image_01390_51.jpg,51
394,./image_00999_46.jpg,46
395,./image_01140_46.jpg,46
396,./image_00137_77.jpg,77
397,./image_03950_51.jpg,51
398,./image_03916_51.jpg,51
399,./image_00275_73.jpg,73
400,./image_01023_46.jpg,46
401,./image_00315_73.jpg,73
402,./image_03964_51.jpg,51
403,./image_00618_89.jpg,89
404,./image_03949_51.jpg,51
405,./image_01183_74.jpg,74
406,./image_01152_74.jpg,74
407,./image_01369_51.jpg,51
408,./image_00346_73.jpg,73
409,./image_00277_73.jpg,73
410,./image_03986_51.jpg,51
411,./image_01019_46.jpg,46
412,./image_00257_73.jpg,73
413,./image_00294_73.jpg,73
414,./image_01029_46.jpg,46
415,./image_00662_89.jpg,89
416,./image_00971_46.jpg,46
417,./image_01311_74.jpg,74
418,./image_00982_46.jpg,46
419,./image_00393_73.jpg,73
420,./image_01425_51.jpg,51
421,./image_00106_77.jpg,77
422,./image_01081_46.jpg,46
423,./image_01395_51.jpg,51
424,./image_00697_89.jpg,89
425,./image_00278_73.jpg,73
426,./image_00766_89.jpg,89
427,./image_01240_74.jpg,74
428,./image_01276_74.jpg,74
429,./image_01299_74.jpg,74
430,./image_01372_51.jpg,51
431,./image_00348_73.jpg,73
432,./image_00038_77.jpg,77
433,./image_00047_77.jpg,77
434,./image_00635_89.jpg,89
435,./image_01096_46.jpg,46
436,./image_00321_73.jpg,73
437,./image_01034_46.jpg,46
438,./image_00063_77.jpg,77
439,./image_00990_46.jpg,46
440,./image_00098_77.jpg,77
441,./image_00124_77.jpg,77
442,./image_01257_74.jpg,74
443,./image_00395_73.jpg,73
444,./image_00959_46.jpg,46
445,./image_01363_51.jpg,51
446,./image_00727_89.jpg,89
447,./image_00422_73.jpg,73
448,./image_01298_74.jpg,74
449,./image_00771_89.jpg,89
450,./image_01358_51.jpg,51
451,./image_01359_51.jpg,51
452,./image_03991_51.jpg,51
453,./image_00670_89.jpg,89
454,./image_00338_73.jpg,73
455,./image_00669_89.jpg,89
456,./image_00208_77.jpg,77
457,./image_00409_73.jpg,73
458,./image_03966_51.jpg,51
459,./image_03985_51.jpg,51
460,./image_01035_46.jpg,46
461,./image_01482_51.jpg,51
462,./image_03934_51.jpg,51
463,./image_00757_89.jpg,89
464,./image_00779_89.jpg,89
465,./image_01123_46.jpg,46
466,./image_01176_74.jpg,74
467,./image_01134_46.jpg,46
468,./image_01194_74.jpg,74
469,./image_01051_46.jpg,46
470,./image_00301_73.jpg,73
471,./image_01036_46.jpg,46
472,./image_00736_89.jpg,89
473,./image_01013_46.jpg,46
474,./image_00413_73.jpg,73
475,./image_01403_51.jpg,51
476,./image_01174_74.jpg,74
477,./image_00017_77.jpg,77
478,./image_00382_73.jpg,73
479,./image_01423_51.jpg,51
480,./image_01151_74.jpg,74
481,./image_00172_77.jpg,77
482,./image_00733_89.jpg,89
483,./image_01052_46.jpg,46
484,./image_00128_77.jpg,77
485,./image_00408_73.jpg,73
486,./image_00151_77.jpg,77
487,./image_00075_77.jpg,77
488,./image_01466_51.jpg,51
489,./image_01256_74.jpg,74
490,./image_00637_89.jpg,89
491,./image_03982_51.jpg,51
492,./image_01066_46.jpg,46
493,./image_01133_46.jpg,46
494,./image_01481_51.jpg,51
495,./image_01370_51.jpg,51
496,./image_00139_77.jpg,77
497,./image_00311_73.jpg,73
498,./image_00383_73.jpg,73
499,./image_01278_74.jpg,74
500,./image_01413_51.jpg,51
501,./image_01443_51.jpg,51
502,./image_00246_77.jpg,77
503,./image_01050_46.jpg,46
504,./image_00114_77.jpg,77
505,./image_01266_74.jpg,74
506,./image_00342_73.jpg,73
507,./image_01292_74.jpg,74
508,./image_01333_51.jpg,51
509,./image_01431_51.jpg,51
510,./image_00057_77.jpg,77
511,./image_01283_74.jpg,74
512,./image_00423_73.jpg,73
513,./image_00740_89.jpg,89
514,./image_00649_89.jpg,89
515,./image_01200_74.jpg,74
516,./image_01113_46.jpg,46
517,./image_01441_51.jpg,51
518,./image_00776_89.jpg,89
519,./image_00970_46.jpg,46
520,./image_00677_89.jpg,89
521,./image_03933_51.jpg,51
522,./image_03940_51.jpg,51
523,./image_01033_46.jpg,46
524,./image_00372_73.jpg,73
525,./image_01268_74.jpg,74
526,./image_03923_51.jpg,51
527,./image_01227_74.jpg,74
528,./image_00696_89.jpg,89
529,./image_01475_51.jpg,51
530,./image_00347_73.jpg,73
531,./image_00349_73.jpg,73
532,./image_01397_51.jpg,51
533,./image_00700_89.jpg,89
534,./image_00056_77.jpg,77
535,./image_00394_73.jpg,73
536,./image_01408_51.jpg,51
537,./image_01037_46.jpg,46
538,./image_01381_51.jpg,51
539,./image_03978_51.jpg,51
540,./image_00001_77.jpg,77
541,./image_01091_46.jpg,46
542,./image_01470_51.jpg,51
543,./image_01203_74.jpg,74
544,./image_00410_73.jpg,73
545,./image_01153_74.jpg,74
546,./image_00689_89.jpg,89
547,./image_00203_77.jpg,77
548,./image_01357_51.jpg,51
549,./image_00220_77.jpg,77
550,./image_01089_46.jpg,46
551,./image_01334_51.jpg,51
552,./image_00953_46.jpg,46
553,./image_00734_89.jpg,89
554,./image_00683_89.jpg,89
555,./image_01273_74.jpg,74
556,./image_00721_89.jpg,89
557,./image_01426_51.jpg,51
558,./image_01449_51.jpg,51
559,./image_03921_51.jpg,51
560,./image_00161_77.jpg,77
561,./image_01479_51.jpg,51
562,./image_01092_46.jpg,46
563,./image_01478_51.jpg,51
564,./image_01021_46.jpg,46
565,./image_00036_77.jpg,77
566,./image_01236_74.jpg,74
567,./image_00769_89.jpg,89
568,./image_00322_73.jpg,73
569,./image_01108_46.jpg,46
570,./image_01252_74.jpg,74
571,./image_00070_77.jpg,77
572,./image_01399_51.jpg,51
573,./image_01328_51.jpg,51
574,./image_00305_73.jpg,73
575,./image_00607_89.jpg,89
576,./image_00329_73.jpg,73
577,./image_00240_77.jpg,77
578,./image_00168_77.jpg,77
579,./image_01306_74.jpg,74
580,./image_01347_51.jpg,51
581,./image_00974_46.jpg,46
582,./image_00682_89.jpg,89
583,./image_01232_74.jpg,74
584,./image_00374_73.jpg,73
585,./image_00293_73.jpg,73
586,./image_01461_51.jpg,51
587,./image_00300_73.jpg,73
588,./image_00146_77.jpg,77
589,./image_01167_74.jpg,74
590,./image_00072_77.jpg,77
591,./image_01206_74.jpg,74
592,./image_01161_74.jpg,74
593,./image_00632_89.jpg,89
594,./image_00623_89.jpg,89
595,./image_00154_77.jpg,77
596,./image_00147_77.jpg,77
597,./image_00652_89.jpg,89
598,./image_01393_51.jpg,51
599,./image_01245_74.jpg,74
600,./image_03913_51.jpg,51
601,./image_01324_51.jpg,51
602,./image_00445_73.jpg,73
603,./image_00104_77.jpg,77
604,./image_03956_51.jpg,51
605,./image_01422_51.jpg,51
606,./image_00368_73.jpg,73
607,./image_00076_77.jpg,77
608,./image_01434_51.jpg,51
609,./image_01039_46.jpg,46
610,./image_00282_73.jpg,73
611,./image_01335_51.jpg,51
612,./image_00020_77.jpg,77
613,./image_01205_74.jpg,74
614,./image_00362_73.jpg,73
615,./image_00756_89.jpg,89
616,./image_01476_51.jpg,51
617,./image_00319_73.jpg,73
618,./image_00117_77.jpg,77
619,./image_00626_89.jpg,89
620,./image_01410_51.jpg,51
621,./image_00440_73.jpg,73
622,./image_01149_74.jpg,74
623,./image_03980_51.jpg,51
624,./image_00120_77.jpg,77
625,./image_00402_73.jpg,73
626,./image_00994_46.jpg,46
627,./image_00187_77.jpg,77
628,./image_00242_77.jpg,77
629,./image_00085_77.jpg,77
630,./image_01287_74.jpg,74
631,./image_00654_89.jpg,89
632,./image_00640_89.jpg,89
633,./image_00103_77.jpg,77
634,./image_01352_51.jpg,51
635,./image_01262_74.jpg,74
636,./image_00178_77.jpg,77
637,./image_00078_77.jpg,77
638,./image_00040_77.jpg,77
639,./image_00068_77.jpg,77
640,./image_01382_51.jpg,51
641,./image_00760_89.jpg,89
642,./image_01295_74.jpg,74
643,./image_00264_73.jpg,73
644,./image_00400_73.jpg,73
645,./image_01119_46.jpg,46
646,./image_01120_46.jpg,46
647,./image_01038_46.jpg,46
648,./image_01083_46.jpg,46
649,./image_00100_77.jpg,77
650,./image_00411_73.jpg,73
651,./image_00032_77.jpg,77
652,./image_03974_51.jpg,51
653,./image_01004_46.jpg,46
654,./image_00065_77.jpg,77
655,./image_01340_51.jpg,51
656,./image_00949_46.jpg,46
657,./image_00417_73.jpg,73
658,./image_00116_77.jpg,77
659,./image_00027_77.jpg,77
660,./image_01444_51.jpg,51
661,./image_00224_77.jpg,77
662,./image_03962_51.jpg,51
663,./image_00233_77.jpg,77
664,./image_00109_77.jpg,77
665,./image_01215_74.jpg,74
666,./image_00412_73.jpg,73
667,./image_00323_73.jpg,73
668,./image_00359_73.jpg,73
669,./image_00612_89.jpg,89
670,./image_00006_77.jpg,77
671,./image_00605_89.jpg,89
672,./image_00698_89.jpg,89
673,./image_01112_46.jpg,46
674,./image_01228_74.jpg,74
675,./image_01209_74.jpg,74
676,./image_01303_74.jpg,74
677,./image_01025_46.jpg,46
678,./image_01178_74.jpg,74
679,./image_00685_89.jpg,89
680,./image_00261_73.jpg,73
681,./image_00968_46.jpg,46
682,./image_00708_89.jpg,89
683,./image_00153_77.jpg,77
684,./image_00419_73.jpg,73
685,./image_01111_46.jpg,46
686,./image_00071_77.jpg,77
687,./image_00149_77.jpg,77
688,./image_00160_77.jpg,77
689,./image_01488_51.jpg,51
690,./image_00096_77.jpg,77
691,./image_01006_46.jpg,46
692,./image_01024_46.jpg,46
693,./image_01263_74.jpg,74
694,./image_00737_89.jpg,89
695,./image_01379_51.jpg,51
696,./image_01196_74.jpg,74
697,./image_00014_77.jpg,77
698,./image_00080_77.jpg,77
699,./image_00064_77.jpg,77
700,./image_01350_51.jpg,51
701,./image_00956_46.jpg,46
702,./image_07284_89.jpg,89
703,./image_01435_51.jpg,51
704,./image_00369_73.jpg,73
705,./image_01016_46.jpg,46
706,./image_00310_73.jpg,73
707,./image_01110_46.jpg,46
708,./image_01457_51.jpg,51
709,./image_00948_46.jpg,46
710,./image_00660_89.jpg,89
711,./image_00985_46.jpg,46
712,./image_01181_74.jpg,74
713,./image_03992_51.jpg,51
714,./image_01277_74.jpg,74
715,./image_00644_89.jpg,89
716,./image_00144_77.jpg,77
717,./image_00997_46.jpg,46
718,./image_00016_77.jpg,77
719,./image_01269_74.jpg,74
720,./image_01291_74.jpg,74
721,./image_01353_51.jpg,51
722,./image_01184_74.jpg,74
723,./image_01053_46.jpg,46
724,./image_01182_74.jpg,74
725,./image_01030_46.jpg,46
726,./image_00602_89.jpg,89
727,./image_03969_51.jpg,51
728,./image_01097_46.jpg,46
729,./image_01480_51.jpg,51
730,./image_00674_89.jpg,89
731,./image_01059_46.jpg,46
732,./image_00059_77.jpg,77
733,./image_00252_73.jpg,73
734,./image_03943_51.jpg,51
735,./image_00211_77.jpg,77
736,./image_00008_77.jpg,77
737,./image_00426_73.jpg,73
738,./image_01338_51.jpg,51
739,./image_00684_89.jpg,89
740,./image_00285_73.jpg,73
741,./image_01378_51.jpg,51
742,./image_03938_51.jpg,51
743,./image_01373_51.jpg,51
744,./image_01463_51.jpg,51
745,./image_01432_51.jpg,51
746,./image_00961_46.jpg,46
747,./image_03926_51.jpg,51
748,./image_00091_77.jpg,77
749,./image_00404_73.jpg,73
750,./image_00963_46.jpg,46
751,./image_01242_74.jpg,74
752,./image_00107_77.jpg,77
753,./image_00388_73.jpg,73
754,./image_00709_89.jpg,89
755,./image_00331_73.jpg,73
756,./image_03918_51.jpg,51
757,./image_01224_74.jpg,74
758,./image_00219_77.jpg,77
759,./image_00267_73.jpg,73
760,./image_00954_46.jpg,46
761,./image_00297_73.jpg,73
762,./image_00337_73.jpg,73
763,./image_00222_77.jpg,77
764,./image_00039_77.jpg,77
765,./image_01474_51.jpg,51
766,./image_01420_51.jpg,51
767,./image_01044_46.jpg,46
768,./image_01185_74.jpg,74
769,./image_00365_73.jpg,73
770,./image_01351_51.jpg,51
771,./image_01439_51.jpg,51
772,./image_01473_51.jpg,51
773,./image_03915_51.jpg,51
774,./image_00399_73.jpg,73
775,./image_00989_46.jpg,46
776,./image_01144_74.jpg,74
777,./image_00690_89.jpg,89
778,./image_01171_74.jpg,74
779,./image_01054_46.jpg,46
780,./image_01367_51.jpg,51
781,./image_01285_74.jpg,74
782,./image_03932_51.jpg,51
783,./image_00403_73.jpg,73
784,./image_00687_89.jpg,89
785,./image_00391_73.jpg,73
786,./image_00995_46.jpg,46
787,./image_01447_51.jpg,51
788,./image_00624_89.jpg,89
789,./image_00030_77.jpg,77
790,./image_00295_73.jpg,73
791,./image_00265_73.jpg,73
792,./image_00381_73.jpg,73
793,./image_01469_51.jpg,51
794,./image_00270_73.jpg,73
795,./image_00024_77.jpg,77
796,./image_00599_89.jpg,89
797,./image_00276_73.jpg,73
798,./image_00087_77.jpg,77
799,./image_01427_51.jpg,51
800,./image_01330_51.jpg,51
801,./image_00647_89.jpg,89
802,./image_00694_89.jpg,89
803,./image_00206_77.jpg,77
804,./image_01387_51.jpg,51
805,./image_00312_73.jpg,73
806,./image_03988_51.jpg,51
807,./image_00158_77.jpg,77
808,./image_00355_73.jpg,73
809,./image_01210_74.jpg,74
810,./image_01158_74.jpg,74
811,./image_01260_74.jpg,74
812,./image_00433_73.jpg,73
813,./image_01459_51.jpg,51
814,./image_01364_51.jpg,51
815,./image_00958_46.jpg,46
816,./image_00259_73.jpg,73
817,./image_01014_46.jpg,46
818,./image_01103_46.jpg,46
819,./image_01401_51.jpg,51
820,./image_00977_46.jpg,46
821,./image_03963_51.jpg,51
822,./image_01075_46.jpg,46
823,./image_01272_74.jpg,74
824,./image_03925_51.jpg,51
825,./image_03942_51.jpg,51
826,./image_00195_77.jpg,77
827,./image_01310_74.jpg,74
828,./image_00002_77.jpg,77
829,./image_01437_51.jpg,51
830,./image_00034_77.jpg,77
831,./image_00722_89.jpg,89
832,./image_01027_46.jpg,46
833,./image_00102_77.jpg,77
834,./image_01188_74.jpg,74
835,./image_00671_89.jpg,89
836,./image_00171_77.jpg,77
837,./image_01099_46.jpg,46
838,./image_00216_77.jpg,77
839,./image_00189_77.jpg,77
840,./image_03965_51.jpg,51
841,./image_01073_46.jpg,46
842,./image_01258_74.jpg,74
843,./image_03928_51.jpg,51
844,./image_01323_51.jpg,51
845,./image_00191_77.jpg,77
846,./image_00777_89.jpg,89
847,./image_00998_46.jpg,46
848,./image_01460_51.jpg,51
849,./image_00755_89.jpg,89
850,./image_00123_77.jpg,77
851,./image_01385_51.jpg,51
852,./image_00214_77.jpg,77
853,./image_00614_89.jpg,89
854,./image_00217_77.jpg,77
855,./image_00253_73.jpg,73
856,./image_00735_89.jpg,89
857,./image_00108_77.jpg,77
858,./image_01419_51.jpg,51
859,./image_01421_51.jpg,51
860,./image_00988_46.jpg,46
861,./image_00724_89.jpg,89
862,./image_00292_73.jpg,73
863,./image_03971_51.jpg,51
864,./image_00201_77.jpg,77
865,./image_00978_46.jpg,46
866,./image_01389_51.jpg,51
867,./image_00271_73.jpg,73
868,./image_00290_73.jpg,73
869,./image_00328_73.jpg,73
870,./image_00046_77.jpg,77
871,./image_00281_73.jpg,73
872,./image_00316_73.jpg,73
873,./image_00122_77.jpg,77
874,./image_00205_77.jpg,77
875,./image_00651_89.jpg,89
876,./image_00238_77.jpg,77
877,./image_00749_89.jpg,89
878,./image_03948_51.jpg,51
879,./image_00752_89.jpg,89
880,./image_00251_77.jpg,77
881,./image_00129_77.jpg,77
882,./image_00176_77.jpg,77
883,./image_00175_77.jpg,77
884,./image_01318_51.jpg,51
885,./image_00202_77.jpg,77
886,./image_01377_51.jpg,51
887,./image_03931_51.jpg,51
888,./image_00055_77.jpg,77
889,./image_03968_51.jpg,51
890,./image_01130_46.jpg,46
891,./image_01022_46.jpg,46
892,./image_00714_89.jpg,89
893,./image_00430_73.jpg,73
894,./image_00031_77.jpg,77
895,./image_00615_89.jpg,89
896,./image_01085_46.jpg,46
897,./image_00962_46.jpg,46
898,./image_00197_77.jpg,77
899,./image_01165_74.jpg,74
900,./image_00053_77.jpg,77
901,./image_00681_89.jpg,89
902,./image_00127_77.jpg,77
903,./image_00094_77.jpg,77
904,./image_01254_74.jpg,74
905,./image_01398_51.jpg,51
906,./image_00061_77.jpg,77
907,./image_00226_77.jpg,77
908,./image_00174_77.jpg,77
909,./image_01317_51.jpg,51
910,./image_00193_77.jpg,77
911,./image_01226_74.jpg,74
912,./image_00441_73.jpg,73
913,./image_01294_74.jpg,74
914,./image_00414_73.jpg,73
915,./image_01031_46.jpg,46
916,./image_00173_77.jpg,77
917,./image_01098_46.jpg,46
918,./image_01169_74.jpg,74
919,./image_01072_46.jpg,46
920,./image_00247_77.jpg,77
921,./image_01251_74.jpg,74
922,./image_00155_77.jpg,77
923,./image_00960_46.jpg,46
924,./image_01229_74.jpg,74
925,./image_00298_73.jpg,73
926,./image_00416_73.jpg,73
927,./image_00655_89.jpg,89
928,./image_01118_46.jpg,46
929,./image_00243_77.jpg,77
930,./image_00141_77.jpg,77
931,./image_01316_51.jpg,51
932,./image_00164_77.jpg,77
933,./image_01246_74.jpg,74
934,./image_00231_77.jpg,77
935,./image_00754_89.jpg,89
936,./image_00730_89.jpg,89
937,./image_00330_73.jpg,73
938,./image_00180_77.jpg,77
939,./image_03970_51.jpg,51
940,./image_01032_46.jpg,46
941,./image_01384_51.jpg,51
942,./image_00138_77.jpg,77
943,./image_01225_74.jpg,74
944,./image_01304_74.jpg,74
945,./image_00143_77.jpg,77
946,./image_03973_51.jpg,51
947,./image_01082_46.jpg,46
948,./image_00964_46.jpg,46
949,./image_01125_46.jpg,46
950,./image_00620_89.jpg,89
951,./image_01371_51.jpg,51
952,./image_00634_89.jpg,89
953,./image_00198_77.jpg,77
954,./image_00051_77.jpg,77
955,./image_01065_46.jpg,46
956,./image_00955_46.jpg,46
957,./image_01336_51.jpg,51
958,./image_01342_51.jpg,51
959,./image_00351_73.jpg,73
960,./image_01412_51.jpg,51
961,./image_00398_73.jpg,73
962,./image_00023_77.jpg,77
963,./image_01175_74.jpg,74
964,./image_00744_89.jpg,89
965,./image_01088_46.jpg,46
966,./image_01235_74.jpg,74
967,./image_00386_73.jpg,73
968,./image_01239_74.jpg,74
969,./image_00762_89.jpg,89
970,./image_00067_77.jpg,77
971,./image_00435_73.jpg,73
972,./image_01155_74.jpg,74
973,./image_00969_46.jpg,46
974,./image_00212_77.jpg,77
975,./image_01058_46.jpg,46
976,./image_01477_51.jpg,51
977,./image_03959_51.jpg,51
978,./image_00050_77.jpg,77
979,./image_00950_46.jpg,46
980,./image_01327_51.jpg,51
981,./image_00641_89.jpg,89
982,./image_00429_73.jpg,73
983,./image_01249_74.jpg,74
984,./image_01217_74.jpg,74
985,./image_03981_51.jpg,51
986,./image_00029_77.jpg,77
987,./image_00028_77.jpg,77
988,./image_01297_74.jpg,74
989,./image_00633_89.jpg,89
990,./image_01253_74.jpg,74
991,./image_01455_51.jpg,51
992,./image_00405_73.jpg,73
993,./image_01400_51.jpg,51
994,./image_01076_46.jpg,46
995,./image_00774_89.jpg,89
996,./image_01015_46.jpg,46
997,./image_00396_73.jpg,73
998,./image_01003_46.jpg,46
999,./image_01380_51.jpg,51
1000,./image_03984_51.jpg,51
1001,./image_00748_89.jpg,89
1002,./image_01150_74.jpg,74
1003,./image_01280_74.jpg,74
1004,./image_01002_46.jpg,46
1005,./image_00089_77.jpg,77
1006,./image_00165_77.jpg,77
1007,./image_00333_73.jpg,73
1008,./image_00992_46.jpg,46
1009,./image_01180_74.jpg,74
1010,./image_00611_89.jpg,89
1011,./image_00125_77.jpg,77
1012,./image_01448_51.jpg,51
1013,./image_01218_74.jpg,74
1014,./image_00048_77.jpg,77
1015,./image_00361_73.jpg,73
1016,./image_00442_73.jpg,73
1017,./image_00424_73.jpg,73
1018,./image_00037_77.jpg,77
1019,./image_01128_46.jpg,46
1020,./image_01115_46.jpg,46
1021,./image_00092_77.jpg,77
1022,./image_00693_89.jpg,89
1023,./image_01261_74.jpg,74
1024,./image_00066_77.jpg,77
1025,./image_01487_51.jpg,51
1026,./image_00604_89.jpg,89
1027,./image_00318_73.jpg,73
1028,./image_01409_51.jpg,51
1029,./image_01394_51.jpg,51
1030,./image_01187_74.jpg,74
1031,./image_01486_51.jpg,51
1032,./image_01315_51.jpg,51
1033,./image_01131_46.jpg,46
1034,./image_00676_89.jpg,89
1035,./image_01012_46.jpg,46
1036,./image_03955_51.jpg,51
1037,./image_00747_89.jpg,89
1038,./image_00095_77.jpg,77
1039,./image_00152_77.jpg,77
1040,./image_00725_89.jpg,89
1041,./image_01368_51.jpg,51
1042,./image_00648_89.jpg,89
1043,./image_01011_46.jpg,46
1044,./image_01199_74.jpg,74
1045,./image_00327_73.jpg,73
1046,./image_00991_46.jpg,46
1047,./image_00227_77.jpg,77
1048,./image_00110_77.jpg,77
1049,./image_03941_51.jpg,51
1050,./image_00780_89.jpg,89
1051,./image_00659_89.jpg,89
1052,./image_00084_77.jpg,77
1053,./image_00367_73.jpg,73
1054,./image_00140_77.jpg,77
1055,./image_00981_46.jpg,46
1056,./image_01321_51.jpg,51
1057,./image_00060_77.jpg,77
1058,./image_00392_73.jpg,73
1059,./image_00112_77.jpg,77
1060,./image_00236_77.jpg,77
1061,./image_00691_89.jpg,89
1062,./image_01211_74.jpg,74
1063,./image_01129_46.jpg,46
1064,./image_00126_77.jpg,77
1065,./image_00438_73.jpg,73
1066,./image_01197_74.jpg,74
1067,./image_01406_51.jpg,51
1068,./image_00335_73.jpg,73
1069,./image_00018_77.jpg,77
1070,./image_00966_46.jpg,46
1071,./image_01244_74.jpg,74
1072,./image_03929_51.jpg,51
1073,./image_00366_73.jpg,73
1074,./image_00062_77.jpg,77
1075,./image_00738_89.jpg,89
1076,./image_03990_51.jpg,51
1077,./image_00967_46.jpg,46
1078,./image_01344_51.jpg,51
1079,./image_00719_89.jpg,89
1080,./image_00119_77.jpg,77
1081,./image_00984_46.jpg,46
1082,./image_00207_77.jpg,77
1083,./image_01255_74.jpg,74
1084,./image_01116_46.jpg,46
1085,./image_00130_77.jpg,77
1086,./image_00345_73.jpg,73
1087,./image_00376_73.jpg,73
1088,./image_00213_77.jpg,77
1089,./image_01275_74.jpg,74
1090,./image_01102_46.jpg,46
1091,./image_01472_51.jpg,51
1092,./image_00131_77.jpg,77
1093,./image_00215_77.jpg,77
1094,./image_00150_77.jpg,77
1095,./image_00983_46.jpg,46
1096,./image_01279_74.jpg,74
1097,./image_00772_89.jpg,89
1098,./image_01456_51.jpg,51
1099,./image_01135_46.jpg,46
1100,./image_00054_77.jpg,77
1101,./image_01450_51.jpg,51
1102,./image_01349_51.jpg,51
1103,./image_00379_73.jpg,73
1104,./image_00177_77.jpg,77
1105,./image_01365_51.jpg,51
1106,./image_00230_77.jpg,77
1107,./image_00232_77.jpg,77
1108,./image_00179_77.jpg,77
1109,./image_00266_73.jpg,73
1110,./image_01056_46.jpg,46
1111,./image_01071_46.jpg,46
1112,./image_00079_77.jpg,77
1113,./image_03993_51.jpg,51
1114,./image_00090_77.jpg,77
1115,./image_00013_77.jpg,77
1116,./image_00356_73.jpg,73
1117,./image_00022_77.jpg,77
1118,./image_00021_77.jpg,77
1119,./image_01109_46.jpg,46
1120,./image_01418_51.jpg,51
1121,./image_01146_74.jpg,74
1122,./image_01104_46.jpg,46
1123,./image_01430_51.jpg,51
1124,./image_01451_51.jpg,51
1125,./image_00667_89.jpg,89
1126,./image_00192_77.jpg,77
1127,./image_01114_46.jpg,46
1128,./image_00163_77.jpg,77
1129,./image_03954_51.jpg,51
1130,./image_00313_73.jpg,73
1131,./image_00384_73.jpg,73
1132,./image_01284_74.jpg,74
1133,./image_00439_73.jpg,73
1134,./image_00289_73.jpg,73
1135,./image_00332_73.jpg,73
1136,./image_00703_89.jpg,89
1137,./image_00003_77.jpg,77
1138,./image_01018_46.jpg,46
1139,./image_01042_46.jpg,46
1140,./image_01220_74.jpg,74
1141,./image_00339_73.jpg,73
1142,./image_00713_89.jpg,89
1143,./image_00390_73.jpg,73
1144,./image_01288_74.jpg,74
1145,./image_01325_51.jpg,51
1146,./image_00111_77.jpg,77
1147,./image_01040_46.jpg,46
1148,./image_00728_89.jpg,89
1149,./image_01121_46.jpg,46
1150,./image_00598_89.jpg,89
1151,./image_00715_89.jpg,89
1152,./image_00746_89.jpg,89
1153,./image_01313_74.jpg,74
1154,./image_00707_89.jpg,89
1155,./image_00421_73.jpg,73
1156,./image_00371_73.jpg,73
1157,./image_01314_51.jpg,51
1158,./image_00720_89.jpg,89
1159,./image_03914_51.jpg,51
1160,./image_00706_89.jpg,89
1161,./image_00716_89.jpg,89
1162,./image_00204_77.jpg,77
1163,./image_01090_46.jpg,46
1164,./image_00972_46.jpg,46
1165,./image_00336_73.jpg,73
1166,./image_00162_77.jpg,77
1167,./image_03967_51.jpg,51
1168,./image_00775_89.jpg,89
1169,./image_00996_46.jpg,46
1170,./image_00750_89.jpg,89
1171,./image_01005_46.jpg,46
1172,./image_01172_74.jpg,74
1173,./image_00373_73.jpg,73
1174,./image_01396_51.jpg,51
1175,./image_00679_89.jpg,89
1176,./image_01264_74.jpg,74
1177,./image_00121_77.jpg,77
1178,./image_01341_51.jpg,51
1179,./image_00145_77.jpg,77
1180,./image_00768_89.jpg,89
1181,./image_03958_51.jpg,51
1182,./image_01064_46.jpg,46
1183,./image_01107_46.jpg,46
1184,./image_00680_89.jpg,89
1185,./image_00199_77.jpg,77
1186,./image_01485_51.jpg,51
1187,./image_01355_51.jpg,51
1188,./image_00699_89.jpg,89
1189,./image_01484_51.jpg,51
1190,./image_00617_89.jpg,89
1191,./image_01170_74.jpg,74
1192,./image_01346_51.jpg,51
1193,./image_01270_74.jpg,74
1194,./image_00357_73.jpg,73
1195,./image_01168_74.jpg,74
1196,./image_01136_46.jpg,46
1197,./image_00432_73.jpg,73
1198,./image_00431_73.jpg,73
1199,./image_01241_74.jpg,74
1200,./image_01008_46.jpg,46
1201,./image_00993_46.jpg,46
1202,./image_00210_77.jpg,77
1203,./image_01360_51.jpg,51
1204,./image_00304_73.jpg,73
1205,./image_01045_46.jpg,46
1206,./image_00401_73.jpg,73
1207,./image_00132_77.jpg,77
1208,./image_01361_51.jpg,51
1209,./image_01454_51.jpg,51
1210,./image_00185_77.jpg,77
1211,./image_03952_51.jpg,51
1212,./image_01080_46.jpg,46
1213,./image_01414_51.jpg,51
1214,./image_01337_51.jpg,51
1215,./image_00225_77.jpg,77
1216,./image_00621_89.jpg,89
1217,./image_01164_74.jpg,74
1218,./image_00340_73.jpg,73
1219,./image_00613_89.jpg,89
1220,./image_03976_51.jpg,51
1221,./image_01483_51.jpg,51
1222,./image_00088_77.jpg,77
1223,./image_01138_46.jpg,46
1224,./image_00600_89.jpg,89
1225,./image_01234_74.jpg,74
1226,./image_00639_89.jpg,89
1227,./image_00344_73.jpg,73
1228,./image_00041_77.jpg,77
1229,./image_01057_46.jpg,46
1230,./image_00044_77.jpg,77
1231,./image_00077_77.jpg,77
1232,./image_00309_73.jpg,73
1233,./image_00761_89.jpg,89
1234,./image_00235_77.jpg,77
1235,./image_01348_51.jpg,51
